source_id,file_name,file_path,description,last_modified,category,sub_category
0,c_audio_warriors_vs_nets_feb_2024.txt,C:\Users\bbfor\OneDrive\code\detect_commercials\input_files\,None,2024-03-12 16:50:49.259207,None,None
1,c_audio_warriors_vs_celtics_feb_2024.txt,C:\Users\bbfor\OneDrive\code\detect_commercials\input_files\,None,2024-04-28 21:45:52.092780,None,None
2,c_audio_greenbay_vs_cowboys.txt,C:\Users\bbfor\OneDrive\code\detect_commercials\input_files\,None,2024-03-12 16:24:44.708953,None,None
3,c_audio_superbowl_2024.txt,C:\Users\bbfor\OneDrive\code\detect_commercials\input_files\,None,2024-03-12 15:19:06.030760,None,None
